{
  "version": "2020.2",
  "applications": [],
  "platforms": [],
  "systems": [
    {
      "name": "TP2_SW_exo2_system",
      "platform": "C:/Users/gongx/workspace/TP2_HW/export/TP2_HW/TP2_HW.xpfm",
      "sysConfig": "TP2_HW",
      "buildConfig": "Debug",
      "applications": [
        {
          "name": "TP2_SW_exo2",
          "platform": "C:/Users/gongx/workspace/TP2_HW/export/TP2_HW/TP2_HW.xpfm",
          "platformPath": "C:\\Users\\gongx\\workspace\\TP2_HW\\export\\TP2_HW",
          "sysConfig": "TP2_HW",
          "domain": "standalone_domain",
          "system": "TP2_SW_exo2_system"
        }
      ],
      "platformPath": "C:\\Users\\gongx\\workspace\\TP2_HW\\export\\TP2_HW"
    },
    {
      "name": "TP2_SW_system",
      "platform": "C:/Users/UserTP/workspace/TP2_HW/export/TP2_HW/TP2_HW.xpfm",
      "sysConfig": "TP2_HW",
      "buildConfig": "Debug",
      "applications": [
        {
          "name": "TP2_SW",
          "platform": "C:/Users/UserTP/workspace/TP2_HW/export/TP2_HW/TP2_HW.xpfm",
          "platformPath": "C:\\Users\\gongx\\workspace\\TP2_HW\\export\\TP2_HW",
          "sysConfig": "TP2_HW",
          "domain": "standalone_domain",
          "system": "TP2_SW_system"
        }
      ],
      "platformPath": "C:\\Users\\gongx\\workspace\\TP2_HW\\export\\TP2_HW"
    },
    {
      "name": "TP31_SW_system",
      "platform": "C:/Users/gongx/workspace/TP3_HW/export/TP3_HW/TP3_HW.xpfm",
      "sysConfig": "TP3_HW",
      "buildConfig": "Debug",
      "applications": [
        {
          "name": "TP31_SW",
          "platform": "C:/Users/gongx/workspace/TP3_HW/export/TP3_HW/TP3_HW.xpfm",
          "platformPath": "C:\\Users\\gongx\\workspace\\TP3_HW\\export\\TP3_HW",
          "sysConfig": "TP3_HW",
          "domain": "standalone_domain",
          "system": "TP31_SW_system"
        }
      ],
      "platformPath": "C:\\Users\\gongx\\workspace\\TP3_HW\\export\\TP3_HW"
    }
  ],
  "others": []
}